"0","# å¤§å°ˆé™¢æ ¡å„æ ¡ç§‘ç³»åˆ¥å­¸ç”Ÿæ•¸"
"0","X105_students <- read_csv(""C:/Users/user/Desktop/105_students.csv"")"
"2","Parsed with column specification:
cols(
  .default = col_integer(),
  ¾Ç®Õ¥N½X = col_character(),
  ¾Ç®Õ¦WºÙ = col_character(),
  ¬ì¨t¥N½X = col_character(),
  ¬ì¨t¦WºÙ = col_character(),
  `¤é¶¡¢A¶i­×§O` = col_character(),
  µ¥¯Å§O = col_character(),
  ¿¤¥«¦WºÙ = col_character(),
  Åé¨t§O = col_character()
)
"
"2","See spec(...) for full column specifications.
"
"0","knitr::kable(head(X105_students))"
